{
    "ID": "RWall",
    "color": [
        0.0,
        0.0,
        0.0
    ],
    "density": 1.0,
    "friction": 0.5,
    "matpath": "resources/assets/materials/basic.json",
    "meshname": "Skeleton",
    "physics2D": 0,
    "position": [
        12.79466724395752,
        -1.4361112117767334,
        0.0
    ],
    "restitution": 0.5,
    "restitutionThreshold": 1.0,
    "rotation": [
        0.0,
        0.0,
        0.0
    ],
    "size": [
        1.0,
        8.121000289916992,
        1.0800000429153442
    ]
}
