{
    "ID": "cam2",
    "camera": [
        -1.122470498085022,
        -0.39149338006973267,
        11.0,
        0.0
    ],
    "position": [
        -1.122470498085022,
        -0.39149338006973267,
        0.0
    ],
    "rotation": [
        0.0,
        0.0,
        0.0
    ],
    "size": [
        1.0,
        1.0,
        1.0
    ]
}
