{
    "ID": [
        1,
        "chris"
    ],
    "camera": [
        0.0,
        0.0,
        22.0,
        0.0
    ],
    "color": [
        1.0,
        0.0,
        0.0
    ],
    "position": [
        3.7799999713897705,
        5.28000020980835,
        0.0
    ],
    "size": [
        1.0,
        1.0,
        1.0
    ]
}
