{
    "ID": "chris",
    "position": [
        2.940000057220459,
        5.619999885559082,
        0.0
    ],
    "rotation": [
        0.0,
        0.0,
        -1.8831915855407715
    ],
    "size": [
        1.0,
        9.18000602722168,
        1.0
    ],
    "sprite": [
        1.0,
        0.0,
        0.0
    ]
}
