{
    "ID": [
        2,
        "ThatGuy"
    ],
    "color": [
        0.0,
        1.0,
        0.11764693260192871
    ],
    "position": [
        -5.0,
        -7.539999961853027,
        0.0
    ],
    "size": [
        1.0,
        1.0,
        1.0
    ]
}
