{
    "ID": "ThatGuy",
    "matname": "Circle",
    "position": [
        -2.4600000381469727,
        -4.800000190734863,
        0.0
    ],
    "rotation": [
        0.0,
        0.0,
        0.0
    ],
    "size": [
        1.0,
        1.0,
        1.0
    ],
    "sprite": [
        0.2941175699234009,
        1.0,
        0.0
    ]
}
